model_key,zs_status,zs_action,zs_recall,zs_acc,zs_delta_recall,zs_delta_acc,fs_status,fs_action,fs_recall,fs_acc,fs_delta_recall,fs_delta_acc,delta_recall_fs_minus_zs,delta_acc_fs_minus_zs,recommended
hds723030ala640,PASS,llm_enabled,100.0,100.0,70.0,0.0978187010000084,PASS,llm_enabled,100.0,98.992410935,70.0,-0.9097703639999963,0.0,-1.0075890650000048,zs
hi7,PASS,llm_enabled,70.95238095500001,99.436008999,2.8571428569999995,-0.0489529230000158,FALLBACK,nollm,66.66666666900001,99.836121756,-1.4285714290000016,0.3511598339999864,-4.285714286000001,0.40011275700000226,zs
hms5c4040ble640,FALLBACK,nollm,13.333333332,99.944521498,-23.333333335999995,-0.0208044419999851,FALLBACK,nollm,13.333333332,99.944521498,-23.333333335999995,-0.0208044419999851,0.0,0.0,fallback
st3000dm001,PASS,llm_enabled,63.74343138,98.081219614,28.015697101,0.6634247810000033,PASS,llm_enabled,63.725947831,98.134254524,27.998213551999996,0.7164596910000114,-0.017483548999997822,0.05303490999999383,zs
st31500541as,PASS,llm_enabled,68.33333333499999,99.795681394,11.527777779999994,0.102965255000015,FALLBACK,nollm,55.138888888,99.747909784,-1.6666666670000012,0.05519364500000279,-13.194444446999995,-0.04777160999999808,zs
